<?xml version="1.0" encoding="UTF-8"?>
<project-private xmlns="http://www.netbeans.org/ns/project-private/1">
    <editor-bookmarks xmlns="http://www.netbeans.org/ns/editor-bookmarks/2" lastBookmarkId="0"/>
    <open-files xmlns="http://www.netbeans.org/ns/projectui-open-files/2">
        <group>
            <file>file:/C:/Users/jjoaq/Documents/NetBeansProjects/EDA_Proyecto/EDA_Proyecto/src/eda_proyecto/Sistema_Gestion.java</file>
            <file>file:/C:/Users/jjoaq/Documents/NetBeansProjects/EDA_Proyecto/EDA_Proyecto/src/eda_proyecto/PilaAtendidos.java</file>
            <file>file:/C:/Users/jjoaq/Documents/NetBeansProjects/EDA_Proyecto/EDA_Proyecto/src/eda_proyecto/ListaAntiguedad.java</file>
            <file>file:/C:/Users/jjoaq/Documents/NetBeansProjects/EDA_Proyecto/EDA_Proyecto/src/eda_proyecto/NodoExpediente.java</file>
            <file>file:/C:/Users/jjoaq/Documents/NetBeansProjects/EDA_Proyecto/EDA_Proyecto/src/eda_proyecto/NodoDepartamento.java</file>
            <file>file:/C:/Users/jjoaq/Documents/NetBeansProjects/EDA_Proyecto/EDA_Proyecto/src/eda_proyecto/ColaPendientes.java</file>
        </group>
    </open-files>
</project-private>
